INSERT INTO ingredient VALUES
('ING001','Farine de blé','kg',10.0,45.0),
('ING002','Levure','g',200.0,800.0),
('ING003','Sel','kg',2.0,12.0),
('ING004','Huile d olive','L',3.0,14.0),
('ING005','Sauce tomate','kg',8.0,30.0),
('ING006','Mozzarella','kg',5.0,22.0),
('ING007','Jambon cuit','kg',3.0,11.0),
('ING008','Lardons','kg',2.0,9.0),
('ING009','Champignons','kg',3.0,10.0),
('ING010','Poivrons rouges','kg',2.0,8.0),
('ING011','Poivrons verts','kg',2.0,7.0),
('ING012','Olives noires','kg',1.5,6.0),
('ING013','Anchois','kg',1.0,4.0),
('ING014','Thon','kg',2.0,7.0),
('ING015','Oignons','kg',3.0,13.0),
('ING016','Ail','kg',1.0,5.0),
('ING017','Basilic frais','g',100.0,400.0),
('ING018','Origan','g',80.0,350.0),
('ING019','Pepperoni','kg',2.0,8.0),
('ING020','Gorgonzola','kg',1.5,5.0),
('ING021','Parmesan','kg',2.0,7.0),
('ING022','Ricotta','kg',2.0,6.0),
('ING023','Roquette','kg',1.0,3.5),
('ING024','Tomates cerises','kg',2.0,8.0),
('ING025','Crème fraîche','L',2.0,9.0),
('ING026','Oeuf','unité',24.0,96.0),
('ING027','Saumon fumé','kg',1.0,4.0),
('ING028','Câpres','kg',0.5,2.0),
('ING029','Merguez','kg',1.5,5.0),
('ING030','Harissa','kg',0.5,2.5);

INSERT INTO pizza VALUES
('PIZ001','Margherita',9.50),
('PIZ002','Regina',11.00),
('PIZ003','4 Fromages',12.50),
('PIZ004','Napolitaine',10.50),
('PIZ005','Calzone',13.00),
('PIZ006','Pepperoni',12.00),
('PIZ007','Végétarienne',11.50),
('PIZ008','Thon Câpres',12.00),
('PIZ009','Saumon',14.50),
('PIZ010','Orientale',12.50),
('PIZ011','Forestière',11.00),
('PIZ012','Romaine',10.50),
('PIZ013','Provençale',11.00),
('PIZ014','Diavola',12.00),
('PIZ015','Carbonara',13.50),
('PIZ016','Roquette Parmesan',13.00),
('PIZ017','Tomate Mozzarella',10.00),
('PIZ018','Jardinière',11.50),
('PIZ019','Anchois Olives',11.00),
('PIZ020','Spéciale Chef',16.00);

INSERT INTO fournisseur VALUES
('contact@moulins-sud.fr','Moulins du Sud','0491234567'),
('info@fromagerie-alpin.fr','Fromagerie Alpin','0492345678'),
('contact@charcuterie-rossi.fr','Charcuterie Rossi','0493456789'),
('info@legumes-provence.fr','Légumes Provence','0494567890'),
('contact@conserves-midi.fr','Conserves du Midi','0495678901'),
('info@epices-monde.fr','Épices du Monde','0496789012'),
('contact@poissonnerie-bleue.fr','Poissonnerie Bleue','0497890123'),
('info@laiterie-central.fr','Laiterie Central','0498901234'),
('contact@bio-nature.fr','Bio Nature','0499012345'),
('info@grossiste-napoli.fr','Grossiste Napoli','0490123456');

INSERT INTO commande_fournisseur VALUES
('CMD-001','2024-01-05','Reçu'),
('CMD-002','2024-01-12','Reçu'),
('CMD-003','2024-01-20','Reçu'),
('CMD-004','2024-02-03','Reçu'),
('CMD-005','2024-02-14','Reçu'),
('CMD-006','2024-02-25','Reçu'),
('CMD-007','2024-03-07','Reçu'),
('CMD-008','2024-03-18','Reçu'),
('CMD-009','2024-04-01','Reçu'),
('CMD-010','2024-04-15','Reçu'),
('CMD-011','2024-04-28','Reçu'),
('CMD-012','2024-05-10','Reçu'),
('CMD-013','2024-05-22','Reçu'),
('CMD-014','2024-06-03','Reçu'),
('CMD-015','2024-06-17','En cours'),
('CMD-016','2024-06-25','En cours'),
('CMD-017','2024-07-02','En cours'),
('CMD-018','2024-07-08','En cours'),
('CMD-019','2024-07-10','En cours'),
('CMD-020','2024-07-12','En cours');

INSERT INTO LOT VALUES
('LOT001','2024-04-01','2024-01-06','ING001'),
('LOT002','2024-04-15','2024-01-13','ING001'),
('LOT003','2024-06-01','2024-01-21','ING002'),
('LOT004','2024-06-15','2024-02-04','ING003'),
('LOT005','2024-08-01','2024-02-04','ING004'),
('LOT006','2024-05-01','2024-02-15','ING005'),
('LOT007','2024-05-15','2024-02-15','ING006'),
('LOT008','2024-04-20','2024-02-26','ING007'),
('LOT009','2024-04-25','2024-02-26','ING008'),
('LOT010','2024-04-10','2024-03-08','ING009'),
('LOT011','2024-07-01','2024-03-08','ING010'),
('LOT012','2024-07-05','2024-03-19','ING011'),
('LOT013','2024-12-01','2024-03-19','ING012'),
('LOT014','2024-11-01','2024-04-02','ING013'),
('LOT015','2024-10-01','2024-04-02','ING014'),
('LOT016','2024-06-20','2024-04-16','ING015'),
('LOT017','2024-09-01','2024-04-16','ING016'),
('LOT018','2024-05-10','2024-04-29','ING017'),
('LOT019','2025-01-01','2024-04-29','ING018'),
('LOT020','2024-05-20','2024-05-11','ING019'),
('LOT021','2024-09-15','2024-05-11','ING020'),
('LOT022','2025-02-01','2024-05-23','ING021'),
('LOT023','2024-08-10','2024-05-23','ING022'),
('LOT024','2024-06-10','2024-06-04','ING023'),
('LOT025','2024-07-20','2024-06-04','ING024'),
('LOT026','2024-08-20','2024-06-18','ING025'),
('LOT027','2024-07-25','2024-06-18','ING026'),
('LOT028','2024-08-05','2024-06-26','ING027'),
('LOT029','2025-03-01','2024-06-26','ING028'),
('LOT030','2024-07-30','2024-07-03','ING029'),
('LOT031','2025-03-15','2024-07-03','ING030'),
('LOT032','2024-10-15','2024-07-09','ING001'),
('LOT033','2024-10-20','2024-07-09','ING005'),
('LOT034','2024-10-25','2024-07-11','ING006'),
('LOT035','2024-11-01','2024-07-11','ING007'),
('LOT036','2024-11-05','2024-07-13','ING008'),
('LOT037','2024-11-10','2024-07-13','ING009'),
('LOT038','2024-11-15','2024-07-13','ING010'),
('LOT039','2024-11-20','2024-07-13','ING019'),
('LOT040','2024-11-25','2024-07-13','ING029'),
('LOT041','2024-12-10','2024-07-13','ING002'),
('LOT042','2024-12-15','2024-07-13','ING003'),
('LOT043','2024-12-20','2024-07-13','ING004'),
('LOT044','2025-01-10','2024-07-13','ING015'),
('LOT045','2025-01-15','2024-07-13','ING016'),
('LOT046','2025-01-20','2024-07-13','ING017'),
('LOT047','2025-01-25','2024-07-13','ING018'),
('LOT048','2025-02-10','2024-07-13','ING020'),
('LOT049','2025-02-15','2024-07-13','ING021'),
('LOT050','2025-02-20','2024-07-13','ING022');

INSERT INTO composer VALUES
('ING001','PIZ001',0.25),('ING005','PIZ001',0.15),('ING006','PIZ001',0.20),('ING017','PIZ001',5.00),
('ING001','PIZ002',0.25),('ING005','PIZ002',0.15),('ING006','PIZ002',0.18),('ING007','PIZ002',0.10),('ING009','PIZ002',0.08),
('ING001','PIZ003',0.25),('ING005','PIZ003',0.10),('ING006','PIZ003',0.12),('ING020','PIZ003',0.08),('ING021','PIZ003',0.06),('ING022','PIZ003',0.06),
('ING001','PIZ004',0.25),('ING005','PIZ004',0.15),('ING006','PIZ004',0.15),('ING013','PIZ004',0.05),('ING012','PIZ004',0.05),('ING015','PIZ004',0.05),
('ING001','PIZ005',0.30),('ING005','PIZ005',0.15),('ING006','PIZ005',0.20),('ING007','PIZ005',0.10),('ING009','PIZ005',0.08),
('ING001','PIZ006',0.25),('ING005','PIZ006',0.15),('ING006','PIZ006',0.15),('ING019','PIZ006',0.12),
('ING001','PIZ007',0.25),('ING005','PIZ007',0.12),('ING006','PIZ007',0.15),('ING010','PIZ007',0.08),('ING011','PIZ007',0.08),('ING009','PIZ007',0.08),('ING015','PIZ007',0.05),
('ING001','PIZ008',0.25),('ING005','PIZ008',0.12),('ING006','PIZ008',0.15),('ING014','PIZ008',0.10),('ING028','PIZ008',0.02),
('ING001','PIZ009',0.25),('ING025','PIZ009',0.10),('ING006','PIZ009',0.15),('ING027','PIZ009',0.10),('ING028','PIZ009',0.02),('ING023','PIZ009',0.05),
('ING001','PIZ010',0.25),('ING005','PIZ010',0.12),('ING006','PIZ010',0.15),('ING029','PIZ010',0.10),('ING030','PIZ010',0.02),('ING010','PIZ010',0.08),
('ING001','PIZ011',0.25),('ING025','PIZ011',0.08),('ING006','PIZ011',0.15),('ING009','PIZ011',0.12),('ING015','PIZ011',0.05),('ING016','PIZ011',0.02),
('ING001','PIZ012',0.25),('ING005','PIZ012',0.12),('ING006','PIZ012',0.15),('ING013','PIZ012',0.05),('ING012','PIZ012',0.05),
('ING001','PIZ013',0.25),('ING005','PIZ013',0.12),('ING006','PIZ013',0.15),('ING012','PIZ013',0.05),('ING010','PIZ013',0.08),('ING018','PIZ013',3.00),
('ING001','PIZ014',0.25),('ING005','PIZ014',0.15),('ING006','PIZ014',0.15),('ING019','PIZ014',0.10),('ING010','PIZ014',0.08),
('ING001','PIZ015',0.25),('ING025','PIZ015',0.10),('ING006','PIZ015',0.15),('ING008','PIZ015',0.10),('ING026','PIZ015',1.00),('ING021','PIZ015',0.05),
('ING001','PIZ016',0.25),('ING005','PIZ016',0.10),('ING006','PIZ016',0.15),('ING023','PIZ016',0.08),('ING021','PIZ016',0.06),
('ING001','PIZ017',0.25),('ING005','PIZ017',0.15),('ING006','PIZ017',0.20),('ING024','PIZ017',0.08),('ING017','PIZ017',4.00),
('ING001','PIZ018',0.25),('ING005','PIZ018',0.12),('ING006','PIZ018',0.15),('ING010','PIZ018',0.08),('ING011','PIZ018',0.08),('ING015','PIZ018',0.05),('ING024','PIZ018',0.06),
('ING001','PIZ019',0.25),('ING005','PIZ019',0.12),('ING006','PIZ019',0.15),('ING013','PIZ019',0.06),('ING012','PIZ019',0.06),('ING015','PIZ019',0.04),
('ING001','PIZ020',0.25),('ING005','PIZ020',0.12),('ING006','PIZ020',0.18),('ING027','PIZ020',0.08),('ING020','PIZ020',0.06),('ING023','PIZ020',0.05),('ING024','PIZ020',0.06),('ING017','PIZ020',4.00);

INSERT INTO fournir VALUES
('ING001','contact@moulins-sud.fr'),
('ING002','contact@moulins-sud.fr'),
('ING003','contact@moulins-sud.fr'),
('ING004','info@grossiste-napoli.fr'),
('ING005','info@grossiste-napoli.fr'),
('ING016','info@grossiste-napoli.fr'),
('ING006','info@fromagerie-alpin.fr'),
('ING020','info@fromagerie-alpin.fr'),
('ING021','info@fromagerie-alpin.fr'),
('ING022','info@fromagerie-alpin.fr'),
('ING007','contact@charcuterie-rossi.fr'),
('ING008','contact@charcuterie-rossi.fr'),
('ING019','contact@charcuterie-rossi.fr'),
('ING029','contact@charcuterie-rossi.fr'),
('ING009','info@legumes-provence.fr'),
('ING010','info@legumes-provence.fr'),
('ING011','info@legumes-provence.fr'),
('ING015','info@legumes-provence.fr'),
('ING023','info@legumes-provence.fr'),
('ING024','info@legumes-provence.fr'),
('ING012','contact@conserves-midi.fr'),
('ING013','contact@conserves-midi.fr'),
('ING014','contact@conserves-midi.fr'),
('ING028','contact@conserves-midi.fr'),
('ING017','info@epices-monde.fr'),
('ING018','info@epices-monde.fr'),
('ING030','info@epices-monde.fr'),
('ING027','contact@poissonnerie-bleue.fr'),
('ING025','info@laiterie-central.fr'),
('ING026','info@laiterie-central.fr'),
('ING004','contact@bio-nature.fr'),
('ING017','contact@bio-nature.fr'),
('ING023','contact@bio-nature.fr');

INSERT INTO approvisionner VALUES
('ING001','contact@moulins-sud.fr','CMD-001',0.45,50.0),
('ING002','contact@moulins-sud.fr','CMD-001',2.50,1.0),
('ING003','contact@moulins-sud.fr','CMD-001',0.30,10.0),
('ING006','info@fromagerie-alpin.fr','CMD-002',8.50,20.0),
('ING021','info@fromagerie-alpin.fr','CMD-002',12.00,8.0),
('ING007','contact@charcuterie-rossi.fr','CMD-003',6.50,15.0),
('ING008','contact@charcuterie-rossi.fr','CMD-003',5.80,10.0),
('ING009','info@legumes-provence.fr','CMD-004',3.20,12.0),
('ING010','info@legumes-provence.fr','CMD-004',2.80,10.0),
('ING011','info@legumes-provence.fr','CMD-004',2.80,10.0),
('ING012','contact@conserves-midi.fr','CMD-005',4.50,8.0),
('ING013','contact@conserves-midi.fr','CMD-005',9.80,5.0),
('ING014','contact@conserves-midi.fr','CMD-005',7.20,8.0),
('ING017','info@epices-monde.fr','CMD-006',18.00,0.5),
('ING018','info@epices-monde.fr','CMD-006',12.00,0.5),
('ING027','contact@poissonnerie-bleue.fr','CMD-007',22.00,5.0),
('ING025','info@laiterie-central.fr','CMD-008',3.50,10.0),
('ING026','info@laiterie-central.fr','CMD-008',0.15,100.0),
('ING004','info@grossiste-napoli.fr','CMD-009',4.20,15.0),
('ING005','info@grossiste-napoli.fr','CMD-009',1.80,30.0),
('ING001','contact@moulins-sud.fr','CMD-010',0.45,60.0),
('ING002','contact@moulins-sud.fr','CMD-010',2.50,1.0),
('ING006','info@fromagerie-alpin.fr','CMD-011',8.50,25.0),
('ING022','info@fromagerie-alpin.fr','CMD-011',6.80,8.0),
('ING020','info@fromagerie-alpin.fr','CMD-011',14.00,6.0),
('ING019','contact@charcuterie-rossi.fr','CMD-012',9.50,10.0),
('ING029','contact@charcuterie-rossi.fr','CMD-012',7.80,6.0),
('ING015','info@legumes-provence.fr','CMD-013',1.20,15.0),
('ING024','info@legumes-provence.fr','CMD-013',3.50,10.0),
('ING023','info@legumes-provence.fr','CMD-013',6.00,5.0),
('ING028','contact@conserves-midi.fr','CMD-014',11.00,3.0),
('ING030','info@epices-monde.fr','CMD-015',8.50,3.0),
('ING016','info@grossiste-napoli.fr','CMD-016',3.80,6.0),
('ING003','contact@moulins-sud.fr','CMD-017',0.30,12.0),
('ING025','info@laiterie-central.fr','CMD-018',3.50,12.0),
('ING007','contact@charcuterie-rossi.fr','CMD-019',6.50,12.0),
('ING009','info@legumes-provence.fr','CMD-020',3.20,15.0);
